{"cameraMode":{"drawMode":0,"name":"Shaded","section":"Shading Mode"},"sceneLighting":true,"audioPlay":false,"sceneViewState":{"showFog":true,"showMaterialUpdate":false,"showSkybox":true,"showFlares":true,"showImageEffects":true,"showParticleSystems":true},"in2DMode":false,"pivot":{"x":-6.143454551696777,"y":-2.9759740829467775,"z":3.311340808868408},"rotation":{"x":0.2676415741443634,"y":-0.4102558195590973,"z":0.12731072306632996,"w":0.8624681830406189},"size":8.706610679626465,"orthographic":false}