{"cameraMode":{"drawMode":0,"name":"Shaded","section":"Shading Mode"},"sceneLighting":false,"audioPlay":false,"sceneViewState":{"showFog":true,"showMaterialUpdate":false,"showSkybox":false,"showFlares":true,"showImageEffects":true,"showParticleSystems":true},"in2DMode":false,"pivot":{"x":0.0007773544639348984,"y":0.015088319778442383,"z":-0.009182702749967575},"rotation":{"x":0.2676415741443634,"y":-0.4102558195590973,"z":0.12731072306632996,"w":0.8624681830406189},"size":3.229884147644043,"orthographic":false}