{"cameraMode":{"drawMode":0,"name":"Shaded","section":"Shading Mode"},"sceneLighting":false,"audioPlay":false,"sceneViewState":{"showFog":true,"showMaterialUpdate":false,"showSkybox":false,"showFlares":true,"showImageEffects":true,"showParticleSystems":true},"in2DMode":false,"pivot":{"x":0.0005582645535469055,"y":0.5154303312301636,"z":-0.03168947994709015},"rotation":{"x":0.2676415741443634,"y":-0.4102558195590973,"z":0.12731072306632996,"w":0.8624681830406189},"size":2.531977653503418,"orthographic":false}