{"cameraMode":{"drawMode":0,"name":"Shaded","section":"Shading Mode"},"sceneLighting":false,"audioPlay":false,"sceneViewState":{"showFog":true,"showMaterialUpdate":false,"showSkybox":false,"showFlares":true,"showImageEffects":true,"showParticleSystems":true},"in2DMode":false,"pivot":{"x":0.001521289348602295,"y":0.4348967671394348,"z":0.0031476765871047975},"rotation":{"x":0.2676415741443634,"y":-0.4102558195590973,"z":0.12731072306632996,"w":0.8624681830406189},"size":2.1215310096740724,"orthographic":false}