{"cameraMode":{"drawMode":0,"name":"Shaded","section":"Shading Mode"},"sceneLighting":true,"audioPlay":false,"sceneViewState":{"showFog":true,"showMaterialUpdate":false,"showSkybox":true,"showFlares":true,"showImageEffects":true,"showParticleSystems":true},"in2DMode":false,"pivot":{"x":-1.1014971733093262,"y":1.1948652267456055,"z":-1.4438600540161133},"rotation":{"x":0.3017447590827942,"y":-0.4354459047317505,"z":0.15766704082489015,"w":0.833358883857727},"size":9.172479629516602,"orthographic":false}